beta0,Minimum,Reference,Maximum
-0.5,33.18122278318339,49.50001666600003,57.4442516811659
-0.45,34.29895373265012,50.749943755062034,58.66175789173301
-0.4,35.43436937742045,51.99893401555818,59.8687660112452
-0.35000000000000003,36.58644089891994,53.245430638731875,61.063923394922206
-0.30000000000000004,37.75406687981454,54.48788923735801,62.24593312018545
-0.25000000000000006,38.9360766050778,55.72478545985555,63.413559101080075
-0.20000000000000007,40.1312339887548,56.9546223939229,64.56563062257953
-0.15000000000000008,41.338242108266996,58.17593768418362,65.70104626734988
-0.10000000000000009,42.555748318834105,59.387310293414274,66.8187772168166
-0.0500000000000001,43.782349911420184,60.58736684317605,67.91786991753929
-1.1102230246251565e-16,45.01660026875221,61.7747874769249,68.99744811276125
0.04999999999999982,46.25701546562503,62.94831119673948,70.0567142473973
0.09999999999999987,47.502081252105995,64.1067406334817,71.09495026250039
0.1499999999999999,48.75026035157896,65.24894621927444,72.1115178022863
0.19999999999999984,50.0,66.37386974043527,73.1058578630005
0.24999999999999978,51.249739648421034,67.48052725823135,74.07748991821539
0.2999999999999998,52.49791874789399,68.56801139382539,75.02601055951177
0.34999999999999987,53.74298453437496,69.63549298238341,75.9510916949111
0.3999999999999998,54.983399731247786,70.68222210935676,76.85247834990176
0.44999999999999973,56.21765008857981,71.70752854929725,77.72998611746911
0.4999999999999998,57.444251681165895,72.71082163411295,78.58349830425585
