beta0,Probability
-0.5,49.50001666600003
-0.45,50.749943755062034
-0.4,51.99893401555818
-0.35000000000000003,53.245430638731875
-0.30000000000000004,54.48788923735801
-0.25000000000000006,55.72478545985555
-0.20000000000000007,56.9546223939229
-0.15000000000000008,58.17593768418362
-0.10000000000000009,59.387310293414274
-0.0500000000000001,60.58736684317605
-1.1102230246251565e-16,61.7747874769249
0.04999999999999982,62.94831119673948
0.09999999999999987,64.1067406334817
0.1499999999999999,65.24894621927444
0.19999999999999984,66.37386974043527
0.24999999999999978,67.48052725823135
0.2999999999999998,68.56801139382539
0.34999999999999987,69.63549298238341
0.3999999999999998,70.68222210935676
0.44999999999999973,71.70752854929725
0.4999999999999998,72.71082163411295
